IYS_Specimen_ID,GCLcard_position,IAgroup
IYS2022-TINRO-3-1-Trawl-3-2,0000057847_1,Western_AK_BBay
IYS2022-TINRO-3-1-Trawl-3-3,0000057847_2,Western_AK_BBay
IYS2022-TINRO-3-2-Trawl-12-5,0000057847_4,BC_WA
IYS2022-TINRO-3-2-Trawl-12-6,0000057847_5,BC_WA
IYS2022-TINRO-3-2-Trawl-12-7,0000057847_6,AK_Pen_Kodiak_Afognak
IYS2022-TINRO-3-2-Trawl-12-8,0000057847_7,Western_AK_BBay
IYS2022-TINRO-3-2-Trawl-12-9,0000057847_8,Western_AK_BBay
IYS2022-TINRO-3-2-Trawl-12-12,0000057865_1,Western_AK_BBay
IYS2022-TINRO-3-3-Trawl-18-21,0000057865_2,PWS_CopperR_SEAK
IYS2022-TINRO-3-4-Trawl-28-24,0000057865_4,Western_AK_BBay
IYS2022-TINRO-3-4-Trawl-28-25,0000057865_5,PWS_CopperR_SEAK
IYS2022-TINRO-3-4-Trawl-28-26,0000057865_6,Cook_Inlet
IYS2022-TINRO-3-10-Trawl-58-40,0000057865_7,Western_AK_BBay
IYS2022-TINRO-3-10-Trawl-58-41,0000057865_8,Cook_Inlet
IYS2022-TINRO-3-10-Trawl-58-42,0000057865_9,Western_AK_BBay
IYS2022-TINRO-3-10-Trawl-58-43,0000057865_10,Western_AK_BBay
IYS2022-TINRO-3-10-Trawl-58-44,0000057876_1,AK_Pen_Kodiak_Afognak
IYS2022-TINRO-3-10-Trawl-58-45,0000057876_2,Western_AK_BBay
IYS2022-TINRO-3-10-Trawl-58-46,0000057876_3,Western_AK_BBay
IYS2022-TINRO-3-10-Trawl-58-47,0000057876_4,AK_Pen_Kodiak_Afognak
IYS2022-TINRO-3-10-Trawl-59-48,0000057876_5,AK_Pen_Kodiak_Afognak
IYS2022-TINRO-3-10-Trawl-58-50,0000057876_7,Western_AK_BBay
IYS2022-TINRO-3-10-Trawl-58-52,0000057876_9,AK_Pen_Kodiak_Afognak
IYS2022-TINRO-3-10-Trawl-58-53,0000057876_10,Western_AK_BBay
IYS2022-TINRO-3-10-Trawl-58-54,0000057861_1,Western_AK_BBay
IYS2022-TINRO-3-10-Trawl-58-55,0000057861_2,Western_AK_BBay
IYS2022-TINRO-3-10-Trawl-58-57,0000057861_4,Western_AK_BBay
IYS2022-TINRO-3-10-Trawl-58-58,0000057861_5,AK_Pen_Kodiak_Afognak
IYS2022-TINRO-3-10-Trawl-58-59,0000057861_6,Western_AK_BBay
IYS2022-TINRO-3-10-Trawl-58-60,0000057861_7,Western_AK_BBay
IYS2022-TINRO-3-10-Trawl-58-63,0000057861_10,AK_Pen_Kodiak_Afognak
IYS2022-TINRO-3-10-Trawl-58-64,0000057869_1,Western_AK_BBay
IYS2022-TINRO-3-10-Trawl-58-65,0000057869_2,Western_AK_BBay
IYS2022-TINRO-3-10-Trawl-58-66,0000057869_3,Western_AK_BBay
IYS2022-TINRO-3-10-Trawl-58-67,0000057869_4,Cook_Inlet
IYS2022-TINRO-3-10-Trawl-59-68,0000057869_5,AK_Pen_Kodiak_Afognak
IYS2022-TINRO-3-10-Trawl-58-69,0000057869_6,AK_Pen_Kodiak_Afognak
IYS2022-TINRO-3-10-Trawl-58-70,0000057869_7,AK_Pen_Kodiak_Afognak
IYS2022-TINRO-3-10-Trawl-58-71,0000057869_8,AK_Pen_Kodiak_Afognak
IYS2022-TINRO-3-10-Trawl-58-72,0000057869_9,Cook_Inlet
IYS2022-TINRO-3-10-Trawl-58-74,0000057873_1,Western_AK_BBay
IYS2022-TINRO-3-10-Trawl-58-75,0000057873_2,Cook_Inlet
IYS2022-TINRO-3-10-Trawl-58-76,0000057873_3,Western_AK_BBay
IYS2022-TINRO-3-10-Trawl-58-77,0000057873_4,Western_AK_BBay
IYS2022-TINRO-3-10-Trawl-58-78,0000057873_5,AK_Pen_Kodiak_Afognak
IYS2022-TINRO-3-10-Trawl-59-79,0000057873_6,Western_AK_BBay
IYS2022-TINRO-3-10-Trawl-58-80,0000057873_7,Cook_Inlet
IYS2022-TINRO-3-10-Trawl-58-83,0000057873_10,Western_AK_BBay
IYS2022-TINRO-3-10-Trawl-58-84,0000057877_1,Western_AK_BBay
IYS2022-TINRO-3-12-Trawl-78-92,0000057877_2,Western_AK_BBay
IYS2022-TINRO-3-12-Trawl-78-96,0000057877_6,Western_AK_BBay
IYS2022-TINRO-3-12-Trawl-78-97,0000057877_7,Western_AK_BBay
IYS2022-TINRO-3-12-Trawl-78-98,0000057877_8,Western_AK_BBay
IYS2022-TINRO-3-12-Trawl-78-99,0000057877_9,Western_AK_BBay
IYS2022-TINRO-3-12-Trawl-79-100,0000057877_10,Cook_Inlet
IYS2022-TINRO-3-12-Trawl-79-101,0000057863_1,PWS_CopperR_SEAK
IYS2022-TINRO-3-12-Trawl-79-103,0000057863_3,Western_AK_BBay
IYS2022-TINRO-3-13-Trawl-88-134,0000057863_4,Western_AK_BBay
IYS2022-TINRO-3-13-Trawl-88-136,0000057863_6,Western_AK_BBay
IYS2022-TINRO-3-13-Trawl-88-137,0000057863_7,Western_AK_BBay
IYS2022-TINRO-3-13-Trawl-88-138,0000057863_8,Western_AK_BBay
IYS2022-TINRO-3-13-Trawl-87-160,0000057863_9,Western_AK_BBay
IYS2022-TINRO-3-13-Trawl-87-161,0000057863_10,AK_Pen_Kodiak_Afognak
IYS2022-TINRO-3-13-Trawl-87-163,0000057871_2,Western_AK_BBay
IYS2022-TINRO-3-13-Trawl-88-139,0000057871_4,Western_AK_BBay
IYS2022-TINRO-3-13-Trawl-87-165,0000057871_5,Western_AK_BBay
IYS2022-TINRO-3-13-Trawl-88-140,0000057871_6,Western_AK_BBay
IYS2022-TINRO-3-13-Trawl-88-141,0000057871_7,Western_AK_BBay
IYS2022-TINRO-3-13-Trawl-87-166,0000057871_8,Western_AK_BBay
IYS2022-TINRO-3-13-Trawl-88-143,0000057871_10,Western_AK_BBay
IYS2022-TINRO-3-13-Trawl-87-168,0000057909_2,Cook_Inlet
IYS2022-TINRO-3-13-Trawl-87-169,0000057909_3,AK_Pen_Kodiak_Afognak
IYS2022-TINRO-3-13-Trawl-87-170,0000057909_4,Cook_Inlet
IYS2022-TINRO-3-13-Trawl-88-144,0000057909_5,Western_AK_BBay
IYS2022-TINRO-3-13-Trawl-88-145,0000057909_6,Western_AK_BBay
IYS2022-TINRO-3-13-Trawl-88-146,0000057909_7,Western_AK_BBay
IYS2022-TINRO-3-13-Trawl-88-147,0000057909_8,Western_AK_BBay
IYS2022-TINRO-3-13-Trawl-87-172,0000057909_10,PWS_CopperR_SEAK
IYS2022-TINRO-3-13-Trawl-87-173,0000057867_1,Cook_Inlet
IYS2022-TINRO-3-13-Trawl-87-174,0000057867_2,Cook_Inlet
IYS2022-TINRO-3-13-Trawl-87-175,0000057867_3,Western_AK_BBay
IYS2022-TINRO-3-13-Trawl-88-148,0000057867_4,Western_AK_BBay
IYS2022-TINRO-3-13-Trawl-88-149,0000057867_5,Western_AK_BBay
IYS2022-TINRO-3-13-Trawl-88-150,0000057867_6,Western_AK_BBay
IYS2022-TINRO-3-13-Trawl-88-152,0000057867_8,Western_AK_BBay
IYS2022-TINRO-3-13-Trawl-87-176,0000057867_9,Cook_Inlet
IYS2022-TINRO-3-13-Trawl-87-177,0000057867_10,Western_AK_BBay
IYS2022-TINRO-3-13-Trawl-88-154,0000057875_3,Western_AK_BBay
IYS2022-TINRO-3-13-Trawl-88-155,0000057875_4,Western_AK_BBay
IYS2022-TINRO-3-13-Trawl-88-156,0000057875_5,Western_AK_BBay
IYS2022-TINRO-3-13-Trawl-87-179,0000057875_6,Western_AK_BBay
IYS2022-TINRO-3-13-Trawl-87-180,0000057875_7,BC_WA
IYS2022-TINRO-3-13-Trawl-87-181,0000057875_8,BC_WA
IYS2022-TINRO-3-13-Trawl-87-182,0000057875_9,AK_Pen_Kodiak_Afognak
IYS2022-TINRO-3-13-Trawl-87-183,0000057875_10,Western_AK_BBay
IYS2022-TINRO-3-13-Trawl-88-157,0000057890_1,AK_Pen_Kodiak_Afognak
IYS2022-TINRO-3-13-Trawl-88-158,0000057890_2,Western_AK_BBay
IYS2022-TINRO-3-13-Trawl-88-159,0000057890_3,Western_AK_BBay
IYS2022-TINRO-3-14-Trawl-98-197,0000057890_4,Western_AK_BBay
IYS2022-TINRO-3-14-Trawl-98-198,0000057890_5,AK_Pen_Kodiak_Afognak
IYS2022-TINRO-3-14-Trawl-98-199,0000057890_6,BC_WA
IYS2022-TINRO-3-15-Trawl-106-204,0000057890_8,Western_AK_BBay
IYS2022-TINRO-3-15-Trawl-106-206,0000057890_10,PWS_CopperR_SEAK
IYS2022-TINRO-3-15-Trawl-106-207,0000057893_1,Western_AK_BBay
IYS2022-TINRO-3-15-Trawl-106-208,0000057893_2,Western_AK_BBay
IYS2022-TINRO-3-15-Trawl-106-209,0000057893_3,Western_AK_BBay
IYS2022-TINRO-3-15-Trawl-106-210,0000057893_4,Western_AK_BBay
IYS2022-TINRO-3-15-Trawl-106-211,0000057893_5,Western_AK_BBay
IYS2022-TINRO-3-15-Trawl-106-212,0000057893_6,Western_AK_BBay
IYS2022-TINRO-3-15-Trawl-106-213,0000057893_7,Western_AK_BBay
IYS2022-TINRO-3-15-Trawl-106-214,0000057893_8,Western_AK_BBay
IYS2022-TINRO-3-15-Trawl-106-215,0000057893_9,Western_AK_BBay
IYS2022-TINRO-3-15-Trawl-106-216,0000057893_10,Western_AK_BBay
IYS2022-TINRO-3-15-Trawl-106-217,0000057881_1,Western_AK_BBay
IYS2022-TINRO-3-15-Trawl-106-218,0000057881_2,Western_AK_BBay
IYS2022-TINRO-3-15-Trawl-106-219,0000057881_3,Western_AK_BBay
IYS2022-TINRO-3-15-Trawl-106-220,0000057881_4,AK_Pen_Kodiak_Afognak
IYS2022-TINRO-3-15-Trawl-106-221,0000057881_5,AK_Pen_Kodiak_Afognak
IYS2022-TINRO-3-15-Trawl-106-222,0000057881_6,Western_AK_BBay
IYS2022-TINRO-3-15-Trawl-106-223,0000057881_7,Western_AK_BBay
IYS2022-TINRO-3-15-Trawl-106-224,0000057881_8,Western_AK_BBay
IYS2022-TINRO-3-15-Trawl-107-226,0000057881_10,AK_Pen_Kodiak_Afognak
IYS2022-TINRO-3-17-Trawl-123-240,0000057885_1,Western_AK_BBay
IYS2022-TINRO-3-17-Trawl-123-241,0000057885_2,Western_AK_BBay
IYS2022-TINRO-3-17-Trawl-123-242,0000057885_3,Western_AK_BBay
IYS2022-TINRO-3-17-Trawl-123-243,0000057885_4,AK_Pen_Kodiak_Afognak
IYS2022-TINRO-3-17-Trawl-123-244,0000057885_5,Western_AK_BBay
IYS2022-TINRO-3-17-Trawl-123-245,0000057885_6,Western_AK_BBay
IYS2022-TINRO-3-17-Trawl-123-247,0000057885_8,Western_AK_BBay
IYS2022-TINRO-3-17-Trawl-123-248,0000057885_9,Western_AK_BBay
IYS2022-TINRO-3-17-Trawl-124-249,0000057885_10,AK_Pen_Kodiak_Afognak
IYS2022-TINRO-3-18-Trawl-131-250,0000057889_1,Western_AK_BBay
IYS2022-TINRO-3-18-Trawl-131-251,0000057889_2,Western_AK_BBay
IYS2022-TINRO-3-18-Trawl-131-252,0000057889_3,Western_AK_BBay
IYS2022-TINRO-3-18-Trawl-131-253,0000057889_4,Western_AK_BBay
IYS2022-TINRO-3-19-Trawl-137-255,0000057889_5,Western_AK_BBay
IYS2022-TINRO-3-19-Trawl-137-256,0000057889_6,BC_WA
IYS2022-TINRO-3-20-Trawl-144-257,0000057889_7,BC_WA
IYS2022-TINRO-3-22-Trawl-153-266,0000057889_9,Western_AK_BBay
IYS2022-TINRO-3-22-Trawl-153-267,0000057889_10,Western_AK_BBay
IYS2022-TINRO-3-22-Trawl-153-268,0000057892_1,Western_AK_BBay
IYS2022-TINRO-3-22-Trawl-153-269,0000057892_2,Western_AK_BBay
IYS2022-TINRO-3-22-Trawl-153-270,0000057892_3,PWS_CopperR_SEAK
IYS2022-TINRO-3-22-Trawl-153-271,0000057892_4,PWS_CopperR_SEAK
IYS2022-TINRO-3-22-Trawl-153-272,0000057892_5,PWS_CopperR_SEAK
IYS2022-TINRO-3-22-Trawl-154-278,0000057892_6,PWS_CopperR_SEAK
IYS2022-TINRO-3-22-Trawl-153-273,0000057892_7,Western_AK_BBay
IYS2022-TINRO-3-22-Trawl-153-274,0000057892_8,Western_AK_BBay
IYS2022-TINRO-3-22-Trawl-154-279,0000057892_9,Cook_Inlet
IYS2022-TINRO-3-22-Trawl-153-275,0000057892_10,AK_Pen_Kodiak_Afognak
IYS2022-TINRO-3-22-Trawl-154-280,0000057884_2,BC_WA
IYS2022-TINRO-3-22-Trawl-154-281,0000057884_3,PWS_CopperR_SEAK
IYS2022-TINRO-3-22-Trawl-154-282,0000057884_4,BC_WA
IYS2022-TINRO-3-22-Trawl-154-283,0000057884_5,BC_WA
IYS2022-TINRO-3-22-Trawl-154-285,0000057884_7,BC_WA
IYS2022-TINRO-3-22-Trawl-154-286,0000057884_8,BC_WA
IYS2022-TINRO-3-22-Trawl-154-287,0000057884_9,PWS_CopperR_SEAK
IYS2022-TINRO-3-22-Trawl-154-288,0000057888_1,BC_WA
IYS2022-TINRO-3-22-Trawl-154-289,0000057888_2,PWS_CopperR_SEAK
IYS2022-TINRO-3-23-Trawl-159-290,0000057888_3,Cook_Inlet
IYS2022-TINRO-3-23-Trawl-159-291,0000057888_4,Western_AK_BBay
IYS2022-TINRO-3-23-Trawl-159-292,0000057888_5,AK_Pen_Kodiak_Afognak
IYS2022-TINRO-3-23-Trawl-159-293,0000057888_6,Western_AK_BBay
IYS2022-TINRO-3-23-Trawl-159-294,0000057888_7,Western_AK_BBay
IYS2022-TINRO-3-23-Trawl-159-295,0000057888_8,BC_WA
IYS2022-TINRO-3-23-Trawl-159-302,0000057888_9,BC_WA
IYS2022-TINRO-3-23-Trawl-160-301,0000057888_10,BC_WA
IYS2022-TINRO-3-23-Trawl-159-303,0000057872_1,Cook_Inlet
IYS2022-TINRO-3-23-Trawl-159-296,0000057872_2,BC_WA
IYS2022-TINRO-3-23-Trawl-159-297,0000057872_3,BC_WA
IYS2022-TINRO-3-23-Trawl-159-298,0000057872_4,Western_AK_BBay
IYS2022-TINRO-3-23-Trawl-159-299,0000057872_5,Western_AK_BBay
IYS2022-TINRO-3-23-Trawl-159-300,0000057872_6,Western_AK_BBay
IYS2022-TINRO-3-24-Trawl-165-308,0000057872_7,PWS_CopperR_SEAK
IYS2022-TINRO-3-24-Trawl-166-309,0000057872_8,AK_Pen_Kodiak_Afognak
IYS2022-TINRO-3-25-Trawl-177-317,0000057872_9,Cook_Inlet
IYS2022-TINRO-3-25-Trawl-177-318,0000057872_10,AK_Pen_Kodiak_Afognak
IYS2022-TINRO-3-25-Trawl-177-320,0000057880_2,Cook_Inlet
IYS2022-TINRO-3-25-Trawl-177-321,0000057880_3,AK_Pen_Kodiak_Afognak
IYS2022-TINRO-3-25-Trawl-177-322,0000057880_4,Cook_Inlet
IYS2022-TINRO-3-25-Trawl-177-323,0000057880_5,BC_WA
IYS2022-TINRO-3-25-Trawl-177-324,0000057880_6,PWS_CopperR_SEAK
IYS2022-TINRO-3-25-Trawl-177-326,0000057880_8,Cook_Inlet
IYS2022-TINRO-3-26-Trawl-183-377,0000057880_9,Cook_Inlet
IYS2022-TINRO-3-26-Trawl-183-379,0000057868_1,PWS_CopperR_SEAK
IYS2022-TINRO-3-26-Trawl-183-380,0000057868_2,AK_Pen_Kodiak_Afognak
IYS2022-TINRO-3-26-Trawl-183-381,0000057868_4,Cook_Inlet
IYS2022-TINRO-3-26-Trawl-183-382,0000057868_5,Western_AK_BBay
IYS2022-TINRO-3-26-Trawl-183-383,0000057868_6,Cook_Inlet
IYS2022-TINRO-3-26-Trawl-183-425,0000057868_7,AK_Pen_Kodiak_Afognak
IYS2022-TINRO-3-26-Trawl-183-384,0000057868_8,Western_AK_BBay
IYS2022-TINRO-3-26-Trawl-183-426,0000057868_9,AK_Pen_Kodiak_Afognak
IYS2022-TINRO-3-26-Trawl-183-385,0000057868_10,AK_Pen_Kodiak_Afognak
IYS2022-TINRO-3-26-Trawl-183-386,0000057894_1,Western_AK_BBay
IYS2022-TINRO-3-26-Trawl-183-387,0000057894_2,Western_AK_BBay
IYS2022-TINRO-3-26-Trawl-183-388,0000057894_3,AK_Pen_Kodiak_Afognak
IYS2022-TINRO-3-26-Trawl-183-389,0000057894_6,Western_AK_BBay
IYS2022-TINRO-3-26-Trawl-183-390,0000057894_7,Western_AK_BBay
IYS2022-TINRO-3-26-Trawl-183-391,0000057894_8,Western_AK_BBay
IYS2022-TINRO-3-26-Trawl-183-392,0000057894_9,AK_Pen_Kodiak_Afognak
IYS2022-TINRO-3-26-Trawl-183-393,0000057894_10,PWS_CopperR_SEAK
IYS2022-TINRO-3-26-Trawl-183-394,0000057878_1,Western_AK_BBay
IYS2022-TINRO-3-26-Trawl-183-395,0000057878_2,PWS_CopperR_SEAK
IYS2022-TINRO-3-26-Trawl-183-397,0000057878_4,Western_AK_BBay
IYS2022-TINRO-3-26-Trawl-183-398,0000057878_5,AK_Pen_Kodiak_Afognak
IYS2022-TINRO-3-26-Trawl-183-400,0000057878_7,Western_AK_BBay
IYS2022-TINRO-3-26-Trawl-183-401,0000057878_8,BC_WA
IYS2022-TINRO-3-26-Trawl-183-403,0000057878_10,Western_AK_BBay
IYS2022-TINRO-3-26-Trawl-183-404,0000057864_1,Western_AK_BBay
IYS2022-TINRO-3-26-Trawl-183-405,0000057864_2,Western_AK_BBay
IYS2022-TINRO-3-26-Trawl-183-407,0000057864_4,AK_Pen_Kodiak_Afognak
IYS2022-TINRO-3-26-Trawl-183-408,0000057864_5,Western_AK_BBay
IYS2022-TINRO-3-26-Trawl-183-409,0000057864_6,AK_Pen_Kodiak_Afognak
IYS2022-TINRO-3-26-Trawl-183-410,0000057864_7,AK_Pen_Kodiak_Afognak
IYS2022-TINRO-3-26-Trawl-183-411,0000057864_8,Cook_Inlet
IYS2022-TINRO-3-26-Trawl-183-413,0000057864_10,BC_WA
IYS2022-TINRO-3-26-Trawl-183-415,0000057874_1,Western_AK_BBay
IYS2022-TINRO-3-26-Trawl-183-417,0000057874_3,BC_WA
IYS2022-TINRO-3-26-Trawl-183-427,0000057874_4,PWS_CopperR_SEAK
IYS2022-TINRO-3-26-Trawl-183-418,0000057874_5,BC_WA
IYS2022-TINRO-3-26-Trawl-183-419,0000057874_6,Cook_Inlet
IYS2022-TINRO-3-26-Trawl-183-420,0000057874_7,Western_AK_BBay
IYS2022-TINRO-3-26-Trawl-183-422,0000057874_9,Western_AK_BBay
IYS2022-TINRO-3-27-Trawl-191-439,0000057870_2,PWS_CopperR_SEAK
IYS2022-TINRO-3-27-Trawl-192-440,0000057870_3,Western_AK_BBay
IYS2022-TINRO-3-28-Trawl-201-443,0000057870_4,Cook_Inlet
IYS2022-TINRO-3-28-Trawl-202-444,0000057870_5,Western_AK_BBay
IYS2022-TINRO-3-28-Trawl-202-445,0000057870_6,PWS_CopperR_SEAK
IYS2022-TINRO-3-28-Trawl-201-449,0000057870_7,Western_AK_BBay
IYS2022-TINRO-3-28-Trawl-202-446,0000057870_8,Cook_Inlet
IYS2022-TINRO-3-28-Trawl-202-447,0000057870_9,Western_AK_BBay
IYS2022-TINRO-3-28-Trawl-202-448,0000057870_10,BC_WA
IYS2022-TINRO-3-29-Trawl-211-454,0000057866_1,AK_Pen_Kodiak_Afognak
IYS2022-TINRO-3-29-Trawl-211-455,0000057866_2,AK_Pen_Kodiak_Afognak
IYS2022-TINRO-3-29-Trawl-212-470,0000057866_3,Western_AK_BBay
IYS2022-TINRO-3-29-Trawl-212-471,0000057866_4,Western_AK_BBay
IYS2022-TINRO-3-29-Trawl-211-456,0000057866_5,Western_AK_BBay
IYS2022-TINRO-3-29-Trawl-211-458,0000057866_7,PWS_CopperR_SEAK
IYS2022-TINRO-3-29-Trawl-212-472,0000057866_8,Western_AK_BBay
IYS2022-TINRO-3-29-Trawl-212-473,0000057866_9,Western_AK_BBay
IYS2022-TINRO-3-29-Trawl-212-474,0000057866_10,Western_AK_BBay
IYS2022-TINRO-3-29-Trawl-212-475,0000057859_1,Western_AK_BBay
IYS2022-TINRO-3-29-Trawl-212-476,0000057859_2,BC_WA
IYS2022-TINRO-3-29-Trawl-212-478,0000057859_4,Western_AK_BBay
IYS2022-TINRO-3-29-Trawl-212-479,0000057859_5,Western_AK_BBay
IYS2022-TINRO-3-29-Trawl-212-480,0000057859_6,Western_AK_BBay
IYS2022-TINRO-3-29-Trawl-212-481,0000057859_7,Western_AK_BBay
IYS2022-TINRO-3-29-Trawl-212-482,0000057859_8,Western_AK_BBay
IYS2022-TINRO-3-29-Trawl-212-483,0000057859_9,Western_AK_BBay
IYS2022-TINRO-3-29-Trawl-212-484,0000057859_10,AK_Pen_Kodiak_Afognak
IYS2022-TINRO-3-29-Trawl-212-468,0000057855_1,Western_AK_BBay
IYS2022-TINRO-3-29-Trawl-211-459,0000057855_2,Western_AK_BBay
IYS2022-TINRO-3-29-Trawl-211-460,0000057855_3,PWS_CopperR_SEAK
IYS2022-TINRO-3-29-Trawl-212-469,0000057855_4,Western_AK_BBay
IYS2022-TINRO-3-29-Trawl-211-461,0000057855_5,Western_AK_BBay
IYS2022-TINRO-3-29-Trawl-211-462,0000057855_6,Western_AK_BBay
IYS2022-TINRO-3-29-Trawl-211-463,0000057855_7,PWS_CopperR_SEAK
IYS2022-TINRO-3-29-Trawl-211-464,0000057855_8,Western_AK_BBay
IYS2022-TINRO-3-29-Trawl-211-465,0000057855_9,BC_WA
IYS2022-TINRO-3-29-Trawl-211-466,0000057855_10,Western_AK_BBay
IYS2022-TINRO-3-29-Trawl-211-467,0000057851_1,Western_AK_BBay
IYS2022-TINRO-3-30-Trawl-216-486,0000057851_2,Western_AK_BBay
IYS2022-TINRO-3-30-Trawl-216-488,0000057851_3,Western_AK_BBay
IYS2022-TINRO-3-30-Trawl-216-489,0000057851_4,Western_AK_BBay
IYS2022-TINRO-3-30-Trawl-217-490,0000057851_5,Cook_Inlet
IYS2022-TINRO-3-30-Trawl-217-491,0000057851_6,Western_AK_BBay
IYS2022-TINRO-3-30-Trawl-217-492,0000057851_7,Western_AK_BBay
IYS2022-TINRO-3-31-Trawl-221-494,0000057851_8,BC_WA
IYS2022-TINRO-3-31-Trawl-221-495,0000057851_9,Cook_Inlet
IYS2022-TINRO-3-31-Trawl-221-496,0000057851_10,Western_AK_BBay
IYS2022-TINRO-3-32-Trawl-226-502,0000057857_1,Western_AK_BBay
IYS2022-TINRO-3-32-Trawl-226-503,0000057857_2,AK_Pen_Kodiak_Afognak
IYS2022-NW-2-2-CanTrawl-3-9,0000063287_1,Western_AK_BBay
IYS2022-NW-2-2-CanTrawl-3-11,0000063287_3,Western_AK_BBay
IYS2022-NW-2-2-CanTrawl-3-12,0000063287_4,Western_AK_BBay
IYS2022-NW-2-2-CanTrawl-3-13,0000063287_5,Western_AK_BBay
IYS2022-NW-2-2-CanTrawl-3-14,0000063287_6,Western_AK_BBay
IYS2022-NW-2-2-CanTrawl-3-15,0000063287_7,Western_AK_BBay
IYS2022-NW-2-2-CanTrawl-3-17,0000063287_9,Western_AK_BBay
IYS2022-NW-2-2-CanTrawl-3-18,0000063287_10,Western_AK_BBay
IYS2022-NW-2-2-CanTrawl-3-19,0000063332_1,Western_AK_BBay
IYS2022-NW-2-2-CanTrawl-3-21,0000063332_3,Western_AK_BBay
IYS2022-NW-2-2-CanTrawl-3-22,0000063332_4,Western_AK_BBay
IYS2022-NW-2-2-CanTrawl-3-23,0000063332_5,Western_AK_BBay
IYS2022-NW-2-2-CanTrawl-3-24,0000063332_6,Western_AK_BBay
IYS2022-NW-2-2-CanTrawl-3-35,0000063332_7,Cook_Inlet
IYS2022-NW-2-3-CanTrawl-3-3,0000063265_2,Western_AK_BBay
IYS2022-NW-2-3-CanTrawl-3-5,0000063261_1,Western_AK_BBay
IYS2022-NW-2-3-CanTrawl-3-6,0000063261_2,Western_AK_BBay
IYS2022-NW-2-3-CanTrawl-3-7,0000063261_3,Western_AK_BBay
IYS2022-NW-2-3-CanTrawl-3-8,0000063261_4,Western_AK_BBay
IYS2022-NW-2-3-CanTrawl-3-9,0000063261_5,Western_AK_BBay
IYS2022-NW-2-3-CanTrawl-3-11,0000063261_7,Western_AK_BBay
IYS2022-NW-2-4-CanTrawl-2-1,0000063282_1,Western_AK_BBay
IYS2022-NW-2-4-CanTrawl-2-2,0000063282_2,Western_AK_BBay
IYS2022-NW-2-5-CanTrawl-2-24,0000063319_1,Western_AK_BBay
IYS2022-NW-2-5-CanTrawl-2-25,0000063319_2,Western_AK_BBay
IYS2022-NW-2-5-CanTrawl-2-26,0000063319_3,Western_AK_BBay
IYS2022-NW-2-5-CanTrawl-2-27,0000063319_4,Western_AK_BBay
IYS2022-NW-2-5-CanTrawl-2-28,0000063319_5,AK_Pen_Kodiak_Afognak
IYS2022-NW-2-5-CanTrawl-2-29,0000063319_6,Western_AK_BBay
IYS2022-NW-2-5-CanTrawl-2-30,0000063319_8,Cook_Inlet
IYS2022-NW-2-5-CanTrawl-2-31,0000063319_7,BC_WA
IYS2022-NW-2-6-CanTrawl-3-33,0000063268_1,AK_Pen_Kodiak_Afognak
IYS2022-NW-2-6-CanTrawl-3-34,0000063268_2,Western_AK_BBay
IYS2022-NW-2-6-CanTrawl-3-35,0000063268_3,Western_AK_BBay
IYS2022-NW-2-6-CanTrawl-3-38,0000063268_6,Cook_Inlet
IYS2022-NW-2-6-CanTrawl-3-39,0000063268_7,Western_AK_BBay
IYS2022-NW-2-6-CanTrawl-3-43,0000063336_1,Cook_Inlet
IYS2022-NW-2-6-CanTrawl-3-44,0000063336_2,Cook_Inlet
IYS2022-NW-2-6-CanTrawl-3-45,0000063336_3,Western_AK_BBay
IYS2022-NW-2-7-CanTrawl-2-2,0000063276_2,Western_AK_BBay
IYS2022-NW-2-7-CanTrawl-2-3,0000063276_3,Western_AK_BBay
IYS2022-NW-2-7-CanTrawl-2-4,0000063276_4,Western_AK_BBay
IYS2022-NW-2-7-CanTrawl-2-5,0000063276_5,Western_AK_BBay
IYS2022-NW-2-7-CanTrawl-2-6,0000063276_6,Western_AK_BBay
IYS2022-NW-2-7-CanTrawl-2-7,0000063276_7,BC_WA
IYS2022-NW-2-7-CanTrawl-2-8,0000063276_8,Western_AK_BBay
IYS2022-NW-2-7-CanTrawl-2-9,0000063276_9,Western_AK_BBay
IYS2022-NW-2-7-CanTrawl-2-10,0000063276_10,Western_AK_BBay
IYS2022-NW-2-8-CanTrawl-4-1,0000061046_1,Western_AK_BBay
IYS2022-NW-2-8-CanTrawl-4-2,0000061046_2,Western_AK_BBay
IYS2022-NW-2-8-CanTrawl-4-3,0000061046_3,Western_AK_BBay
IYS2022-NW-2-8-CanTrawl-4-4,0000061046_4,Western_AK_BBay
IYS2022-NW-2-8-CanTrawl-4-5,0000061046_5,Western_AK_BBay
IYS2022-NW-2-8-CanTrawl-4-6,0000061046_6,Western_AK_BBay
IYS2022-NW-2-8-CanTrawl-4-7,0000061046_7,Western_AK_BBay
IYS2022-NW-2-8-CanTrawl-4-8,0000061046_8,Western_AK_BBay
IYS2022-NW-2-11-CanTrawl-1-1,0000062607_1,Western_AK_BBay
IYS2022-NW-2-11-CanTrawl-1-2,0000062607_2,Western_AK_BBay
IYS2022-NW-2-11-CanTrawl-1-3,0000062607_3,Western_AK_BBay
IYS2022-NW-2-11-CanTrawl-1-4,0000062607_4,Western_AK_BBay
IYS2022-NW-2-11-CanTrawl-1-5,0000062607_5,Western_AK_BBay
IYS2022-NW-2-11-CanTrawl-1-6,0000062607_6,Western_AK_BBay
IYS2022-NW-2-11-CanTrawl-1-7,0000062607_7,Western_AK_BBay
IYS2022-NW-2-11-CanTrawl-1-8,0000062607_8,Western_AK_BBay
IYS2022-NW-2-12-CanTrawl-4-1,0000062599_1,Western_AK_BBay
IYS2022-NW-2-12-CanTrawl-4-2,0000062599_2,Western_AK_BBay
IYS2022-NW-2-12-CanTrawl-4-3,0000062599_3,Western_AK_BBay
IYS2022-NW-2-12-CanTrawl-4-4,0000062599_4,Western_AK_BBay
IYS2022-NW-2-12-CanTrawl-4-5,0000062599_5,Western_AK_BBay
IYS2022-NW-2-12-CanTrawl-4-6,0000062599_6,Western_AK_BBay
IYS2022-NW-2-12-CanTrawl-4-7,0000062599_7,Western_AK_BBay
IYS2022-NW-2-12-CanTrawl-4-8,0000062599_8,Western_AK_BBay
IYS2022-NW-2-12-CanTrawl-4-9,0000062599_9,Western_AK_BBay
IYS2022-NW-2-12-CanTrawl-4-10,0000062599_10,Western_AK_BBay
IYS2022-NW-2-13-CanTrawl-5-27,0000062622_1,Western_AK_BBay
IYS2022-NW-2-13-CanTrawl-5-28,0000062622_2,Western_AK_BBay
IYS2022-NW-2-13-CanTrawl-5-29,0000062622_3,Western_AK_BBay
IYS2022-NW-2-13-CanTrawl-5-30,0000062622_4,AK_Pen_Kodiak_Afognak
IYS2022-NW-2-13-CanTrawl-5-31,0000062622_5,Russia
IYS2022-NW-2-13-CanTrawl-5-32,0000062622_6,Cook_Inlet
IYS2022-NW-2-13-CanTrawl-5-33,0000062622_7,Western_AK_BBay
IYS2022-NW-2-13-CanTrawl-5-34,0000062622_8,Western_AK_BBay
IYS2022-NW-2-14-CanTrawl-3-1,0000062636_1,AK_Pen_Kodiak_Afognak
IYS2022-NW-2-14-CanTrawl-3-2,0000062636_2,Western_AK_BBay
IYS2022-NW-2-14-CanTrawl-3-3,0000062636_3,Western_AK_BBay
IYS2022-NW-2-14-CanTrawl-3-5,0000062636_5,Western_AK_BBay
IYS2022-NW-2-14-CanTrawl-3-6,0000062636_6,Western_AK_BBay
IYS2022-NW-2-14-CanTrawl-3-8,0000062636_8,Cook_Inlet
IYS2022-NW-2-14-CanTrawl-3-9,0000062636_9,Western_AK_BBay
IYS2022-NW-2-14-CanTrawl-3-10,0000062636_10,Western_AK_BBay
IYS2022-NW-2-14-CanTrawl-3-11,0000062535_1,Western_AK_BBay
IYS2022-NW-2-14-CanTrawl-3-12,0000062535_2,Western_AK_BBay
IYS2022-NW-2-14-CanTrawl-3-13,0000062535_3,Western_AK_BBay
IYS2022-NW-2-14-CanTrawl-3-15,0000062535_5,Western_AK_BBay
IYS2022-NW-2-14-CanTrawl-3-16,0000062535_6,BC_WA
IYS2022-NW-2-14-CanTrawl-3-17,0000062535_7,BC_WA
IYS2022-NW-2-14-CanTrawl-3-20,0000062535_10,Western_AK_BBay
IYS2022-NW-2-14-CanTrawl-3-21,0000062632_1,Cook_Inlet
IYS2022-NW-2-14-CanTrawl-3-22,0000062632_2,AK_Pen_Kodiak_Afognak
IYS2022-NW-2-14-CanTrawl-3-23,0000062632_3,Western_AK_BBay
IYS2022-NW-2-14-CanTrawl-3-24,0000062632_5,Western_AK_BBay
IYS2022-NW-2-14-CanTrawl-3-25,0000062632_6,Western_AK_BBay
IYS2022-NW-2-14-CanTrawl-3-26,0000062632_7,Western_AK_BBay
IYS2022-NW-2-15-CanTrawl-4-26,0000062642_1,Western_AK_BBay
IYS2022-NW-2-15-CanTrawl-4-27,0000062642_2,Russia
IYS2022-NW-2-15-CanTrawl-4-29,0000062642_4,AK_Pen_Kodiak_Afognak
IYS2022-NW-2-15-CanTrawl-4-30,0000062642_5,PWS_CopperR_SEAK
IYS2022-NW-2-15-CanTrawl-4-31,0000062642_6,Western_AK_BBay
IYS2022-NW-2-15-CanTrawl-4-32,0000062642_8,Western_AK_BBay
IYS2022-NW-2-15-CanTrawl-4-34,0000061113_1,Western_AK_BBay
IYS2022-NW-2-15-CanTrawl-4-35,0000062642_9,Western_AK_BBay
IYS2022-NW-2-15-CanTrawl-4-36,0000062642_10,Western_AK_BBay
IYS2022-NW-2-14-CanTrawl-3-27,0000062535_8,Western_AK_BBay
IYS2022-NW-2-16-CanTrawl-5-38,0000062792_1,BC_WA
IYS2022-NW-2-16-CanTrawl-5-39,0000062792_2,Cook_Inlet
IYS2022-NW-2-16-CanTrawl-5-40,0000062792_3,Cook_Inlet
IYS2022-NW-2-16-CanTrawl-5-41,0000062792_4,Western_AK_BBay
IYS2022-NW-2-16-CanTrawl-5-42,0000062792_5,Western_AK_BBay
IYS2022-NW-2-16-CanTrawl-5-43,0000062792_6,BC_WA
IYS2022-NW-2-16-CanTrawl-5-44,0000062792_7,Western_AK_BBay
IYS2022-NW-2-16-CanTrawl-5-45,0000062792_8,Western_AK_BBay
IYS2022-NW-2-16-CanTrawl-5-46,0000062792_9,BC_WA
IYS2022-NW-2-16-CanTrawl-5-47,0000062792_10,Western_AK_BBay
IYS2022-NW-2-17-CanTrawl-3-56,0000063109_1,Western_AK_BBay
IYS2022-NW-2-17-CanTrawl-3-57,0000063109_2,Cook_Inlet
IYS2022-NW-2-17-CanTrawl-3-58,0000063109_3,AK_Pen_Kodiak_Afognak
IYS2022-NW-2-17-CanTrawl-3-59,0000063109_4,Western_AK_BBay
IYS2022-NW-2-17-CanTrawl-3-60,0000063109_5,Russia
IYS2022-NW-2-17-CanTrawl-3-61,0000063109_6,Western_AK_BBay
IYS2022-NW-2-17-CanTrawl-3-62,0000063109_7,Western_AK_BBay
IYS2022-NW-2-17-CanTrawl-3-63,0000063109_8,Western_AK_BBay
IYS2022-NW-2-17-CanTrawl-3-64,0000063109_9,Cook_Inlet
IYS2022-NW-2-17-CanTrawl-3-66,0000063086_1,Western_AK_BBay
IYS2022-NW-2-17-CanTrawl-3-67,0000063086_2,Russia
IYS2022-NW-2-17-CanTrawl-3-68,0000063086_3,Western_AK_BBay
IYS2022-NW-2-17-CanTrawl-3-69,0000063086_4,Western_AK_BBay
IYS2022-NW-2-17-CanTrawl-3-70,0000063086_5,Western_AK_BBay
IYS2022-NW-2-17-CanTrawl-3-71,0000063086_6,Western_AK_BBay
IYS2022-NW-2-17-CanTrawl-3-72,0000063086_7,AK_Pen_Kodiak_Afognak
IYS2022-NW-2-17-CanTrawl-3-73,0000063086_8,Western_AK_BBay
IYS2022-NW-2-17-CanTrawl-3-74,0000063086_9,AK_Pen_Kodiak_Afognak
IYS2022-NW-2-17-CanTrawl-3-75,0000063086_10,Western_AK_BBay
IYS2022-NW-2-17-CanTrawl-3-76,0000063112_1,Western_AK_BBay
IYS2022-NW-2-17-CanTrawl-3-77,0000063112_2,Western_AK_BBay
IYS2022-NW-2-17-CanTrawl-3-78,0000063112_3,Western_AK_BBay
IYS2022-NW-2-17-CanTrawl-3-79,0000063112_4,Western_AK_BBay
IYS2022-NW-2-18-CanTrawl-3-77,0000062785_1,Western_AK_BBay
IYS2022-NW-2-18-CanTrawl-3-78,0000062785_2,Russia
IYS2022-NW-2-18-CanTrawl-3-80,0000062785_4,Russia
IYS2022-NW-2-18-CanTrawl-3-81,0000062785_5,Western_AK_BBay
IYS2022-NW-2-18-CanTrawl-3-82,0000062785_6,Western_AK_BBay
IYS2022-NW-2-18-CanTrawl-3-83,0000062785_7,Western_AK_BBay
IYS2022-NW-2-18-CanTrawl-3-84,0000062785_8,Western_AK_BBay
IYS2022-NW-2-18-CanTrawl-3-85,0000062785_9,Cook_Inlet
IYS2022-NW-2-19-CanTrawl-9-6,0000061104_5,Western_AK_BBay
IYS2022-NW-2-19-CanTrawl-9-7,0000061104_1,Western_AK_BBay
IYS2022-NW-2-19-CanTrawl-9-8,0000061104_2,Western_AK_BBay
IYS2022-NW-2-19-CanTrawl-9-10,0000061104_4,Western_AK_BBay
IYS2022-NW-2-20-CanTrawl-4-2,0000062737_1,Western_AK_BBay
IYS2022-NW-2-20-CanTrawl-4-3,0000062737_2,Russia
IYS2022-NW-2-20-CanTrawl-4-4,0000062737_3,Western_AK_BBay
IYS2022-NW-2-20-CanTrawl-4-5,0000062737_4,Western_AK_BBay
IYS2022-NW-2-20-CanTrawl-4-6,0000062737_5,Western_AK_BBay
IYS2022-NW-2-20-CanTrawl-4-7,0000062737_6,Western_AK_BBay
IYS2022-NW-2-20-CanTrawl-4-9,0000062737_8,Russia
IYS2022-NW-2-20-CanTrawl-4-11,0000062737_10,Western_AK_BBay
IYS2022-NW-2-20-CanTrawl-4-13,0000061092_2,Western_AK_BBay
IYS2022-NW-2-20-CanTrawl-4-14,0000061092_3,Western_AK_BBay
IYS2022-NW-2-20-CanTrawl-4-15,0000061092_4,Western_AK_BBay
IYS2022-NW-2-20-CanTrawl-4-16,0000061092_5,Western_AK_BBay
IYS2022-NW-2-20-CanTrawl-4-17,0000061092_6,Western_AK_BBay
IYS2022-NW-2-20-CanTrawl-4-18,0000061092_7,Western_AK_BBay
IYS2022-NW-2-20-CanTrawl-4-19,0000061092_8,Western_AK_BBay
IYS2022-NW-2-20-CanTrawl-4-20,0000061092_9,Western_AK_BBay
IYS2022-NW-2-20-CanTrawl-4-21,0000061092_10,Western_AK_BBay
IYS2022-NW-2-20-CanTrawl-4-22,0000062781_1,Western_AK_BBay
IYS2022-NW-2-20-CanTrawl-4-23,0000062781_2,Western_AK_BBay
IYS2022-NW-2-20-CanTrawl-4-24,0000062781_3,Western_AK_BBay
IYS2022-NW-2-20-CanTrawl-4-25,0000062781_4,Western_AK_BBay
IYS2022-NW-2-20-CanTrawl-4-26,0000062781_5,Western_AK_BBay
IYS2022-NW-2-20-CanTrawl-4-27,0000062781_6,Cook_Inlet
IYS2022-NW-2-20-CanTrawl-4-28,0000062781_7,Western_AK_BBay
IYS2022-NW-2-20-CanTrawl-4-29,0000062781_8,AK_Pen_Kodiak_Afognak
IYS2022-NW-2-20-CanTrawl-4-30,0000062781_9,Western_AK_BBay
IYS2022-NW-2-20-CanTrawl-4-31,0000062781_10,Western_AK_BBay
IYS2022-NW-2-20-CanTrawl-4-32,0000061878_1,Western_AK_BBay
IYS2022-NW-2-20-CanTrawl-4-33,0000061878_2,PWS_CopperR_SEAK
IYS2022-NW-2-20-CanTrawl-4-34,0000061878_3,Western_AK_BBay
IYS2022-NW-2-20-CanTrawl-4-35,0000061878_4,Western_AK_BBay
IYS2022-NW-2-20-CanTrawl-4-36,0000061878_5,Russia
IYS2022-NW-2-21-CanTrawl-1-1,0000061110_1,AK_Pen_Kodiak_Afognak
IYS2022-NW-2-21-CanTrawl-1-2,0000061110_2,Western_AK_BBay
IYS2022-NW-2-22-CanTrawl-3-48,0000063452_1,Western_AK_BBay
IYS2022-NW-2-22-CanTrawl-3-49,0000063452_2,Western_AK_BBay
IYS2022-Shimada-4-3-Trawl-5-9,0000059891_9,Western_AK_BBay
IYS2022-Shimada-4-3-Trawl-5-8,0000059891_8,Western_AK_BBay
IYS2022-Shimada-4-3-Trawl-5-7,0000059891_7,Cook_Inlet
IYS2022-Shimada-4-3-Trawl-5-6,0000059891_6,Cook_Inlet
IYS2022-Shimada-4-3-Trawl-5-5,0000059891_5,Western_AK_BBay
IYS2022-Shimada-4-3-Trawl-5-4,0000059891_4,Western_AK_BBay
IYS2022-Shimada-4-3-Trawl-5-3,0000059891_3,Western_AK_BBay
IYS2022-Shimada-4-3-Trawl-5-12,0000060483_2,Cook_Inlet
IYS2022-Shimada-4-3-Trawl-5-11,0000060483_1,Western_AK_BBay
IYS2022-Shimada-4-3-Trawl-5-1,0000059891_1,Western_AK_BBay
IYS2022-Shimada-4-25-Trawl-8-1,0000058266_1,Cook_Inlet
IYS2022-Shimada-4-24-Trawl-12-9,0000060462_9,AK_Pen_Kodiak_Afognak
IYS2022-Shimada-4-24-Trawl-12-8,0000060462_8,Western_AK_BBay
IYS2022-Shimada-4-24-Trawl-12-7,0000060462_7,Western_AK_BBay
IYS2022-Shimada-4-24-Trawl-12-6,0000060462_6,Cook_Inlet
IYS2022-Shimada-4-24-Trawl-12-5,0000060462_5,AK_Pen_Kodiak_Afognak
IYS2022-Shimada-4-24-Trawl-12-4,0000060462_4,BC_WA
IYS2022-Shimada-4-24-Trawl-12-3,0000060462_3,AK_Pen_Kodiak_Afognak
IYS2022-Shimada-4-24-Trawl-12-2,0000060462_2,BC_WA
IYS2022-Shimada-4-24-Trawl-12-10,0000060462_10,Western_AK_BBay
IYS2022-Shimada-4-24-Trawl-12-1,0000060462_1,Western_AK_BBay
IYS2022-Shimada-4-23-Trawl-6-4,0000060470_4,Western_AK_BBay
IYS2022-Shimada-4-23-Trawl-6-3,0000060470_3,AK_Pen_Kodiak_Afognak
IYS2022-Shimada-4-23-Trawl-6-2,0000060470_2,Western_AK_BBay
IYS2022-Shimada-4-23-Trawl-6-1,0000060470_1,Western_AK_BBay
IYS2022-Shimada-4-22-Trawl-7-9,0000058220_9,Cook_Inlet
IYS2022-Shimada-4-22-Trawl-7-8,0000058220_8,AK_Pen_Kodiak_Afognak
IYS2022-Shimada-4-22-Trawl-7-7,0000058220_7,AK_Pen_Kodiak_Afognak
IYS2022-Shimada-4-22-Trawl-7-6,0000058220_6,BC_WA
IYS2022-Shimada-4-22-Trawl-7-5,0000058220_5,PWS_CopperR_SEAK
IYS2022-Shimada-4-22-Trawl-7-4,0000058220_4,BC_WA
IYS2022-Shimada-4-22-Trawl-7-3,0000058220_3,Cook_Inlet
IYS2022-Shimada-4-22-Trawl-7-2,0000058220_2,BC_WA
IYS2022-Shimada-4-22-Trawl-7-1,0000058220_1,Cook_Inlet
IYS2022-Shimada-4-21-Trawl-10-7,0000060448_7,BC_WA
IYS2022-Shimada-4-21-Trawl-10-6,0000060448_6,Cook_Inlet
IYS2022-Shimada-4-21-Trawl-10-5,0000060448_5,Western_AK_BBay
IYS2022-Shimada-4-21-Trawl-10-4,0000060448_4,BC_WA
IYS2022-Shimada-4-21-Trawl-10-3,0000060448_3,Cook_Inlet
IYS2022-Shimada-4-20-Trawl-7-1,0000059898_1,PWS_CopperR_SEAK
IYS2022-Shimada-4-19-Trawl-9-4,0000059906_4,Western_AK_BBay
IYS2022-Shimada-4-19-Trawl-9-3,0000059906_3,AK_Pen_Kodiak_Afognak
IYS2022-Shimada-4-19-Trawl-9-2,0000059906_2,BC_WA
IYS2022-Shimada-4-19-Trawl-9-1,0000059906_1,BC_WA
IYS2022-Shimada-4-18-Trawl-11-7,0000059894_7,AK_Pen_Kodiak_Afognak
IYS2022-Shimada-4-18-Trawl-11-6,0000059894_6,Cook_Inlet
IYS2022-Shimada-4-18-Trawl-11-5,0000059894_5,Western_AK_BBay
IYS2022-Shimada-4-18-Trawl-11-4,0000059894_4,PWS_CopperR_SEAK
IYS2022-Shimada-4-18-Trawl-11-3,0000059894_3,BC_WA
IYS2022-Shimada-4-18-Trawl-11-2,0000059894_2,Western_AK_BBay
IYS2022-Shimada-4-17-Trawl-7-3,0000058229_3,PWS_CopperR_SEAK
IYS2022-Shimada-4-17-Trawl-7-2,0000058229_2,Western_AK_BBay
IYS2022-Shimada-4-17-Trawl-7-1,0000058229_1,BC_WA
IYS2022-Shimada-4-16-Trawl-7-5,0000060460_5,PWS_CopperR_SEAK
IYS2022-Shimada-4-16-Trawl-7-4,0000060460_4,Western_AK_BBay
IYS2022-Shimada-4-16-Trawl-7-3,0000060460_3,Western_AK_BBay
IYS2022-Shimada-4-16-Trawl-7-2,0000060460_2,Western_AK_BBay
IYS2022-Shimada-4-16-Trawl-7-1,0000060460_1,Western_AK_BBay
IYS2022-Shimada-4-15-Trawl-10-3,0000060464_3,Western_AK_BBay
IYS2022-Shimada-4-15-Trawl-10-2,0000060464_2,Western_AK_BBay
IYS2022-Shimada-4-15-Trawl-10-1,0000060464_1,Western_AK_BBay
IYS2022-Shimada-4-14-Trawl-8-1,0000058225_1,BC_WA
IYS2022-Shimada-4-12-Trawl-8-1,0000060489_1,PWS_CopperR_SEAK
IYS2022-Franklin-5-49-138-Trawl-118-0001,0000067644_1,PWS_CopperR_SEAK
IYS2022-Franklin-5-50-138-Trawl-118-0002,0000067644_2,BC_WA
IYS2022-Franklin-5-50-138-Trawl-118-0004,0000067644_4,BC_WA
IYS2022-Franklin-5-50-138-Trawl-118-0005,0000067644_5,Western_AK_BBay
IYS2022-Franklin-5-50-138-Trawl-118-0006,0000067644_6,Western_AK_BBay
IYS2022-Franklin-5-50-138-Trawl-118-0007,0000067644_7,Western_AK_BBay
IYS2022-Franklin-5-50-138-Trawl-118-0008,0000067644_8,Western_AK_BBay
IYS2022-Franklin-5-50-141-Trawl-118-0009,0000067644_9,BC_WA
IYS2022-Franklin-5-50-141-Trawl-118-0010,0000067644_10,Western_AK_BBay
IYS2022-Franklin-5-50-141-Trawl-118-0011,0000067644_11,Western_AK_BBay
IYS2022-Franklin-5-50-141-Trawl-118-0012,0000067644_12,Western_AK_BBay
IYS2022-Franklin-5-50-141-Trawl-118-0013,0000067644_13,BC_WA
IYS2022-Franklin-5-49-141-Trawl-118-0014,0000067644_14,PWS_CopperR_SEAK
IYS2022-Franklin-5-49-141-Trawl-118-0015,0000067644_15,Western_AK_BBay
IYS2022-Franklin-5-49-141-Trawl-118-0017,0000067644_17,Cook_Inlet
IYS2022-Franklin-5-49-141-Trawl-118-0018,0000067644_18,Western_AK_BBay
IYS2022-Franklin-5-48-141-Trawl-118-0020,0000067644_20,BC_WA
IYS2022-Franklin-5-48-144-Trawl-118-0022,0000067644_22,Western_AK_BBay
IYS2022-Franklin-5-51-141-Trawl-118-0023,0000067644_23,BC_WA
IYS2022-Franklin-5-51-141-Trawl-118-0024,0000067644_24,Western_AK_BBay
IYS2022-Franklin-5-51-141-Trawl-118-0025,0000067644_25,Western_AK_BBay
IYS2022-Franklin-5-51-141-Trawl-118-0026,0000067644_26,Western_AK_BBay
IYS2022-Franklin-5-51-141-Trawl-118-0027,0000067644_27,Western_AK_BBay
IYS2022-Franklin-5-51-141-Trawl-118-0028,0000067644_28,BC_WA
IYS2022-Franklin-5-51-141-Trawl-118-0029,0000067644_29,Western_AK_BBay
IYS2022-Franklin-5-51-141-Trawl-118-0030,0000067644_30,Western_AK_BBay
IYS2022-Franklin-5-51-141-Trawl-118-0032,0000067644_32,Western_AK_BBay
IYS2022-Franklin-5-51-141-Trawl-118-0033,0000067644_33,AK_Pen_Kodiak_Afognak
IYS2022-Franklin-5-51-141-Trawl-118-0034,0000067644_34,Western_AK_BBay
IYS2022-Franklin-5-51-141-Trawl-118-0035,0000067644_35,BC_WA
IYS2022-Franklin-5-51-141-Trawl-118-0040,0000067644_40,Western_AK_BBay
IYS2022-Franklin-5-51-141-Trawl-118-0041,0000067644_41,BC_WA
IYS2022-Franklin-5-51-141-Trawl-118-0042,0000067644_42,Western_AK_BBay
IYS2022-Franklin-5-51-141-Trawl-118-0043,0000067644_43,Western_AK_BBay
IYS2022-Franklin-5-51-141-Trawl-118-0044,0000067644_44,PWS_CopperR_SEAK
IYS2022-Franklin-5-51-141-Trawl-118-0045,0000067644_45,BC_WA
IYS2022-Franklin-5-51-141-Trawl-118-0046,0000067644_46,Western_AK_BBay
IYS2022-Franklin-5-51-141-Trawl-118-0047,0000067644_47,Cook_Inlet
IYS2022-Franklin-5-52-141-Trawl-118-0052,0000067645_4,Western_AK_BBay
IYS2022-Franklin-5-52-141-Trawl-118-0053,0000067645_5,Western_AK_BBay
IYS2022-Franklin-5-52-141-Trawl-118-0054,0000067645_6,AK_Pen_Kodiak_Afognak
IYS2022-Franklin-5-52-141-Trawl-118-0055,0000067645_7,Western_AK_BBay
IYS2022-Franklin-5-52-141-Trawl-118-0056,0000067645_8,BC_WA
IYS2022-Franklin-5-52-141-Trawl-118-0057,0000067645_9,BC_WA
IYS2022-Franklin-5-53-141-Trawl-118-0058,0000067645_10,Western_AK_BBay
IYS2022-Franklin-5-53-141-Trawl-118-0059,0000067645_11,Western_AK_BBay
IYS2022-Franklin-5-53-138-Trawl-118-0060,0000067645_12,Western_AK_BBay
IYS2022-Franklin-5-52-138-Trawl-118-0061,0000067645_13,BC_WA
IYS2022-Franklin-5-52-138-Trawl-118-0062,0000067645_14,BC_WA
IYS2022-Franklin-5-52-138-Trawl-118-0063,0000067645_15,Western_AK_BBay
IYS2022-Franklin-5-52-138-Trawl-118-0065,0000067645_17,Western_AK_BBay
IYS2022-Franklin-5-52-138-Trawl-118-0066,0000067645_18,PWS_CopperR_SEAK
IYS2022-Franklin-5-52-135-Trawl-118-0067,0000067645_19,Western_AK_BBay
IYS2022-Franklin-5-54-138-Trawl-118-0076,0000067645_28,Western_AK_BBay
IYS2022-Franklin-5-54-138-Trawl-118-0077,0000067645_29,Western_AK_BBay
IYS2022-Franklin-5-54-138-Trawl-118-0078,0000067645_30,BC_WA
IYS2022-Franklin-5-55-141-Trawl-118-0079,0000067645_31,Western_AK_BBay
IYS2022-Franklin-5-56-141-Trawl-118-0081,0000067645_33,Western_AK_BBay
IYS2022-Franklin-5-55-144-Trawl-118-0082,0000067645_34,BC_WA
IYS2022-Franklin-5-55-144-Trawl-118-0083,0000067645_35,Western_AK_BBay
IYS2022-Franklin-5-55-144-Trawl-118-0085,0000067645_37,BC_WA
IYS2022-Franklin-5-55-144-Trawl-118-0086,0000067645_38,Western_AK_BBay
IYS2022-Franklin-5-54-144-Trawl-118-0087,0000067645_39,PWS_CopperR_SEAK
IYS2022-Franklin-5-53-144-Trawl-118-0089,0000067645_41,PWS_CopperR_SEAK
